X_heel_to_toe_mm,half_width_mm,toe_spring_mm,sole_top_Z_mm,upper_base_Z_mm,upper_max_Z_mm,opening_angle_radians
-145,1,1.5,32.5,31.8,104,1.57
-144,5.5625,1.35375,32.334478,31.634478,104,1.53562
-143,10.333333,1.215,32.177853,31.477853,104,1.500052
-142,14.6875,1.08375,32.030035,31.330035,104,1.463739
-141,18,0.96,31.890935,31.190935,104,1.42713
-140,20.474808,0.84375,31.760464,31.060464,104,1.390669
-139,22.735054,0.735,31.638534,30.938534,104,1.354803
-138,24.784477,0.63375,31.525054,30.825054,104,1.319977
-137,26.626812,0.54,31.419936,30.719936,104,1.286638
-136,28.265795,0.45375,31.323091,30.623091,104,1.255232
-135,29.705163,0.375,31.234429,30.534429,104,1.226204
-134,30.948653,0.30375,31.153861,30.453861,104,1.2
-133,32,0.24,31.081298,30.381298,104,1.175445
-132,32.922139,0.18375,31.016652,30.316652,104,1.15113
-131,33.777277,0.135,30.959832,30.259832,104,1.127149
-130,34.568057,0.09375,30.91075,30.21075,104,1.103598
-129,35.297123,0.06,30.869317,30.169317,104,1.080574
-128,35.96712,0.03375,30.835443,30.135443,104,1.05817
-127,36.580692,0.015,30.809039,30.109039,104,1.036482
-126,37.140482,0.00375,30.790016,30.090016,104,1.015607
-125,37.649137,0.0,30.778286,30.078286,104,0.995638
-124,38.109298,0.0,30.770008,30.070008,104,0.976673
-123,38.523612,0.0,30.761344,30.061344,104,0.958805
-122,38.894721,0.0,30.752205,30.052205,104,0.942131
-121,39.22527,0.0,30.742501,30.042501,104,0.926745
-120,39.517903,0.0,30.732143,30.032143,103.953814,0.912744
-119,39.775265,0.0,30.721042,30.021042,103.908003,0.900223
-118,40,0.0,30.70911,30.00911,103.86215,0.889276
-117,40.198901,0.0,30.696256,29.996256,103.815839,0.88
-116,40.377623,0.0,30.682392,29.982392,103.768653,0.872034
-115,40.537098,0.0,30.667429,29.967429,103.720176,0.864923
-114,40.678261,0.0,30.651277,29.951277,103.669991,0.858622
-113,40.802045,0.0,30.633847,29.933847,103.617683,0.853084
-112,40.909384,0.0,30.61505,29.91505,103.562834,0.848262
-111,41,0.0,30.594798,29.894798,103.505029,0.844111
-110,41,0.0,30.573,29.873,103.44385,0.840584
-109,41,0.0,30.549568,29.849568,103.378882,0.837636
-108,41,0.0,30.524413,29.824413,103.309709,0.835219
-107,41,0.0,30.497445,29.797445,103.235913,0.833288
-106,41,0.0,30.468575,29.768575,103.157078,0.831796
-105,41,0.0,30.437714,29.737714,103.072788,0.830698
-104,41,0.0,30.404774,29.704774,102.982627,0.83
-103,41,0.0,30.369664,29.669664,102.886178,0.83
-102,41,0.0,30.332296,29.632296,102.783025,0.83
-101,41,0.0,30.292581,29.592581,102.672751,0.83
-100,41,0.0,30.250429,29.550429,102.554941,0.83
-99,41,0.0,30.205751,29.505751,102.429177,0.83
-98,41,0.0,30.158458,29.458458,102.295043,0.830142
-97,41,0.0,30.108462,29.408462,102.152123,0.830527
-96,41,0.0,30.055672,29.355672,102,0.830889
-95,41,0.0,30.0,29.3,101.828367,0.831182
-94,41,0.0,29.941303,29.241303,101.629101,0.831361
-93,41,0.0,29.879567,29.179567,101.405065,0.831378
-92,41,0.0,29.814897,29.114897,101.159122,0.831188
-91,41,0.0,29.747396,29.047396,100.894135,0.830744
-90,41,0.0,29.677171,28.977171,100.612965,0.83
-89,40.97982,0.0,29.604324,28.904324,100.318477,0.83
-88,40.951394,0.0,29.528961,28.828961,100.013533,0.83
-87,40.915273,0.0,29.451186,28.751186,99.700994,0.83
-86,40.87201,0.0,29.371104,28.671104,99.383725,0.83
-85,40.822157,0.0,29.288818,28.588818,99.064588,0.83
-84,40.766266,0.0,29.204434,28.504434,98.746446,0.83
-83,40.704889,0.0,29.118056,28.418056,98.43216,0.83
-82,40.638577,0.0,29.029789,28.329789,98.124595,0.83
-81,40.567883,0.0,28.939736,28.239736,97.826612,0.83
-80,40.493359,0.0,28.848003,28.148003,97.541075,0.83
-79,40.415557,0.0,28.754693,28.054693,97.270846,0.83
-78,40.335028,0.0,28.659912,27.959912,97.018788,0.83
-77,40.252325,0.0,28.563764,27.863764,96.787763,0.83
-76,40.168,0.0,28.466353,27.766353,96.580635,0.83
-75,40.082604,0.0,28.367784,27.667784,96.400266,0.83
-74,39.996691,0.0,28.268161,27.568161,96.249518,0.83
-73,39.91081,0.0,28.167589,27.467589,96.131255,0.83
-72,39.825516,0.0,28.066172,27.366172,96.048339,0.83
-71,39.741359,0.0,27.964014,27.264014,96.003633,0.83
-70,39.658892,0.0,27.861221,27.161221,96,0.83
-69,39.578667,0.0,27.757897,27.057897,96.04106,0.83
-68,39.501235,0.0,27.654146,26.954146,96.126318,0.83
-67,39.427149,0.0,27.550072,26.850072,96.252457,0.83
-66,39.35696,0.0,27.445781,26.745781,96.416165,0.83
-65,39.291221,0.0,27.341376,26.641376,96.614125,0.83
-64,39.230484,0.0,27.236962,26.536962,96.843023,0.83
-63,39.1753,0.0,27.132644,26.432644,97.099545,0.83
-62,39.126222,0.0,27.028526,26.328526,97.380376,0.83
-61,39.083802,0.0,26.924712,26.224712,97.682202,0.831667
-60,39.048591,0.0,26.821307,26.121307,98.001707,0.833831
-59,39.021142,0.0,26.718416,26.018416,98.335577,0.83644
-58,39.002006,0.0,26.616143,25.916143,98.680498,0.839441
-57,39,0.0,26.514592,25.814592,99.033154,0.842781
-56,39,0.0,26.413868,25.713868,99.390232,0.846406
-55,39,0.0,26.314075,25.614075,99.748416,0.850264
-54,39.016987,0.0,26.215319,25.515319,100.104392,0.854302
-53,39.0393,0.0,26.117702,25.417702,100.454845,0.858466
-52,39.066822,0.0,26.021331,25.321331,100.796461,0.862704
-51,39.099436,0.0,25.926309,25.226309,101.125925,0.866963
-50,39.137026,0.0,25.83274,25.13274,101.439921,0.871189
-49,39.179475,0.0,25.74073,25.04073,101.735137,0.875329
-48,39.226667,0.0,25.650383,24.950383,102.008257,0.879332
-47,39.278484,0.0,25.561802,24.861802,102.255966,0.883142
-46,39.33481,0.0,25.475094,24.775094,102.474949,0.886708
-45,39.39553,0.0,25.390362,24.690362,102.661893,0.889977
-44,39.460525,0.0,25.30771,24.60771,102.813482,0.892895
-43,39.529679,0.0,25.227244,24.527244,102.926402,0.895409
-42,39.602877,0.0,25.149067,24.449067,102.997338,0.897467
-41,39.68,0.0,25.073284,24.373284,103,0.899015
-40,39.760933,0.0,25.0,24.3,103,0.9
-39,39.845559,0.0,24.928267,24.228267,102.937651,0.9
-38,39.933761,0.0,24.857064,24.157064,102.848116,0.9
-37,40.025423,0.0,24.786386,24.086386,102.732498,0.9
-36,40.120428,0.0,24.71623,24.01623,102.591903,0.9
-35,40.218659,0.0,24.646589,23.946589,102.427436,0.9
-34,40.32,0.0,24.57746,23.87746,102.240201,0.9
-33,40.424334,0.0,24.508837,23.808837,102.031303,0.9
-32,40.531545,0.0,24.440716,23.740716,101.801848,0.9
-31,40.641516,0.0,24.373092,23.673092,101.552939,0.9
-30,40.75413,0.0,24.305961,23.605961,101.285681,0.9
-29,40.869271,0.0,24.239317,23.539317,101.001181,0.9
-28,40.986822,0.0,24.173156,23.473156,100.700541,0.9
-27,41.106667,0.0,24.107474,23.407474,100.384867,0.9
-26,41.228688,0.0,24.042265,23.342265,100.055264,0.9
-25,41.35277,0.0,23.977524,23.277524,99.712837,0.9
-24,41.478795,0.0,23.913248,23.213248,99.35869,0.9
-23,41.606647,0.0,23.84943,23.14943,98.993929,0.9
-22,41.73621,0.0,23.786067,23.086067,98.619657,0.9
-21,41.867366,0.0,23.723154,23.023154,98.236981,0.9
-20,42,0.0,23.660686,22.960686,97.847004,0.9
-19,42.136406,0.0,23.598658,22.898658,97.450831,0.9
-18,42.27875,0.0,23.537066,22.837066,97.049568,0.9
-17,42.426719,0.0,23.475905,22.775905,96.644318,0.9
-16,42.58,0.0,23.415169,22.715169,96.236188,0.9
-15,42.738281,0.0,23.354855,22.654855,95.826281,0.9
-14,42.90125,0.0,23.294958,22.594958,95.415703,0.9
-13,43.068594,0.0,23.235472,22.535472,95.005558,0.9
-12,43.24,0.0,23.176394,22.476394,94.596951,0.9
-11,43.415156,0.0,23.117718,22.417718,94.190987,0.9
-10,43.59375,0.0,23.059439,22.359439,93.788771,0.9
-9,43.775469,0.0,23.001554,22.301554,93.391407,0.9
-8,43.96,0.0,22.944056,22.244056,93,0.9
-7,44.147031,0.0,22.886943,22.186943,92.608668,0.9
-6,44.33625,0.0,22.830207,22.130207,92.210945,0.9
-5,44.527344,0.0,22.773846,22.073846,91.80706,0.9
-4,44.72,0.0,22.717854,22.017854,91.397242,0.9
-3,44.913906,0.0,22.662227,21.962227,90.981719,0.9
-2,45.10875,0.0,22.606959,21.906959,90.560722,0.9
-1,45.304219,0.0,22.552046,21.852046,90.134479,0.9
0,45.5,0.0,22.497484,21.797484,89.703219,0.9
1,45.695781,0.0,22.443267,21.743267,89.267172,0.9
2,45.89125,0.0,22.389391,21.689391,88.826565,0.9
3,46.086094,0.0,22.335851,21.635851,88.38163,0.9
4,46.28,0.0,22.282642,21.582642,87.932594,0.9
5,46.472656,0.0,22.22976,21.52976,87.479687,0.9
6,46.66375,0.0,22.1772,21.4772,87.023138,0.9
7,46.852969,0.0,22.124957,21.424957,86.563176,0.9
8,47.04,0.0,22.073026,21.373026,86.10003,0.9
9,47.224531,0.0,22.021403,21.321403,85.633929,0.9
10,47.40625,0.0,21.970083,21.270083,85.165102,0.9
11,47.584844,0.0,21.919061,21.219061,84.693778,0.9
12,47.76,0.0,21.868333,21.168333,84.220187,0.9
13,47.931406,0.0,21.817893,21.117893,83.744558,0.9
14,48.09875,0.0,21.767737,21.067737,83.267119,0.9
15,48.261719,0.0,21.717861,21.017861,82.7881,0.9
16,48.42,0.0,21.668258,20.968258,82.307729,0.9
17,48.573281,0.0,21.618926,20.918926,81.826237,0.9
18,48.72125,0.0,21.569859,20.869859,81.343852,0.9
19,48.863594,0.0,21.521052,20.821052,80.860802,0.9
20,49,0.0,21.472501,20.772501,80.377318,0.9
21,49.13303,0.0,21.4242,20.7242,79.893629,0.9
22,49.265329,0.0,21.376145,20.676145,79.409962,0.9
23,49.396711,0.0,21.328332,20.628332,78.926548,0.9
24,49.526989,0.0,21.280756,20.580756,78.443616,0.9
25,49.655977,0.0,21.233411,20.533411,77.961395,0.9
26,49.783487,0.0,21.186294,20.486294,77.480113,0.9
27,49.909333,0.0,21.139398,20.439398,77,0.9
28,50.033329,0.0,21.092721,20.392721,76.51755,0.9
29,50.155289,0.0,21.046256,20.346256,76.02937,0.9
30,50.275024,0.0,21.0,20.3,75.535859,0.9
31,50.39235,0.0,20.954151,20.254151,75.037415,0.9
32,50.507079,0.0,20.908906,20.208906,74.534436,0.9
33,50.619024,0.0,20.864256,20.164256,74.027321,0.9
34,50.728,0.0,20.820191,20.120191,73.516469,0.9
35,50.833819,0.0,20.776702,20.076702,73.002277,0.9
36,50.936295,0.0,20.733779,20.033779,72.485144,0.9
37,51.035242,0.0,20.691414,19.991414,71.965469,0.9
38,51.130472,0.0,20.649597,19.949597,71.44365,0.9
39,51.2218,0.0,20.608319,19.908319,70.920085,0.9
40,51.309038,0.0,20.567571,19.867571,70.395173,0.9
41,51.392,0.0,20.527343,19.827343,69.869313,0.902424
42,51.4705,0.0,20.487625,19.787625,69.342902,0.905358
43,51.54435,0.0,20.44841,19.74841,68.81634,0.908802
44,51.613364,0.0,20.409687,19.709687,68.290024,0.912757
45,51.677357,0.0,20.371446,19.671446,67.764353,0.917223
46,51.73614,0.0,20.33368,19.63368,67.239726,0.9222
47,51.789528,0.0,20.296378,19.596378,66.716541,0.92769
48,51.837333,0.0,20.259532,19.559532,66.195196,0.933692
49,51.87937,0.0,20.223131,19.523131,65.67609,0.940208
50,51.915452,0.0,20.187167,19.487167,65.159621,0.947237
51,51.945392,0.0,20.15163,19.45163,64.646188,0.95478
52,51.969003,0.0,20.116512,19.416512,64.136189,0.962839
53,51.986099,0.0,20.081802,19.381802,63.630023,0.971412
54,51.996494,0.0,20.047492,19.347492,63.128088,0.980502
55,52,0.0,20.013571,19.313571,62.630782,0.990108
56,51.998269,0.0,19.980032,19.280032,62.138504,1.00023
57,51.992949,0.0,19.946865,19.246865,61.651653,1.01087
58,51.983847,0.0,19.914059,19.214059,61.170626,1.022028
59,51.970771,0.0,19.881607,19.181607,60.695822,1.033705
60,51.95353,0.0,19.849498,19.149498,60.22764,1.0459
61,51.931931,0.0,19.817724,19.117724,59.766478,1.058615
62,51.905782,0.0,19.786275,19.086275,59.312735,1.07185
63,51.874892,0.0,19.755142,19.055142,58.866808,1.085605
64,51.839068,0.0,19.724316,19.024316,58.429097,1.099882
65,51.798119,0.0,19.693786,18.993786,58,1.11468
66,51.751852,0.0,19.663545,18.963545,57.579223,1.13
67,51.700075,0.0,19.633583,18.933583,57.166026,1.147882
68,51.642597,0.0,19.60389,18.90389,56.760136,1.169942
69,51.579225,0.0,19.574457,18.874457,56.361281,1.195545
70,51.509767,0.0,19.545274,18.845274,55.969188,1.224054
71,51.434032,0.0,19.516334,18.816334,55.583586,1.254834
72,51.351827,0.0,19.487625,18.787625,55.204201,1.28725
73,51.26296,0.0,19.45914,18.75914,54.830762,1.320666
74,51.16724,0.0,19.430868,18.730868,54.462995,1.354447
75,51.064474,0.0,19.402801,18.702801,54.10063,1.387956
76,50.95447,0.0,19.374929,18.674929,53.743392,1.420559
77,50.837037,0.0,19.347242,18.647242,53.391011,1.451619
78,50.711982,0.0,19.319732,18.619732,53.043213,1.480501
79,50.579113,0.0,19.29239,18.59239,52.699726,1.50657
80,50.438239,0.0,19.265205,18.565205,52.360278,1.52919
81,50.289167,0.0,19.238169,18.538169,52.024596,1.547726
82,50.131705,0.0,19.211272,18.511272,51.692409,1.561541
83,49.965662,0.0,19.184505,18.484505,51.363443,1.57
84,49.790845,0.0,19.15786,18.45786,51.037426,1.57
85,49.607062,0.0,19.131325,18.431325,50.714086,1.57
86,49.414122,0.002778,19.107671,18.407671,50.393151,1.57
87,49.211832,0.011111,19.089665,18.389665,50.074347,1.57
88,49,0.025,19.077298,18.377298,49.757404,1.57
89,48.778333,0.044444,19.070561,18.370561,49.442048,1.57
90,48.546558,0.069444,19.069444,18.369444,49.128007,1.57
91,48.304515,0.1,19.074198,18.374198,48.815009,1.57
92,48.052045,0.136111,19.085066,18.385066,48.50278,1.57
93,47.788988,0.177778,19.102033,18.402033,48.19105,1.57
94,47.515185,0.225,19.125084,18.425084,47.879546,1.57
95,47.230475,0.277778,19.154203,18.454203,47.567994,1.57
96,46.934699,0.336111,19.189373,18.489373,47.256123,1.57
97,46.627697,0.4,19.23058,18.53058,46.943661,1.57
98,46.30931,0.469444,19.277808,18.577808,46.630334,1.57
99,45.979378,0.544444,19.331041,18.631041,46.315872,1.57
100,45.637741,0.625,19.390263,18.690263,46,1.57
101,45.284239,0.711111,19.455459,18.755459,45.691776,1.57
102,44.918713,0.802778,19.526613,18.826613,45.399275,1.57
103,44.541003,0.9,19.603709,18.903709,45.120752,1.57
104,44.15095,1.002778,19.686732,18.986732,44.854464,1.57
105,43.748392,1.111111,19.775665,19.075665,44.598667,1.57
106,43.333172,1.225,19.870494,19.170494,44.351616,1.57
107,42.905129,1.344444,19.971203,19.271203,44.111568,1.57
108,42.464104,1.469444,20.077776,19.377776,43.876779,1.57
109,42.009936,1.6,20.190196,19.490196,43.645504,1.57
110,41.542467,1.736111,20.30845,19.60845,43.416,1.57
111,41.061535,1.877778,20.43252,19.73252,43.186523,1.57
112,40.566983,2.025,20.562391,19.862391,42.955328,1.57
113,40.058649,2.177778,20.698048,19.998048,42.720672,1.57
114,39.536375,2.336111,20.839475,20.139475,42.480811,1.57
115,39.0,2.5,20.986656,20.286656,42.234,1.57
116,38.978327,2.669444,21.139575,20.439575,41.978496,1.57
117,38.913237,2.844444,21.298218,20.598218,41.712555,1.57
118,38.80451,3.025,21.462567,20.762567,41.434432,1.57
119,38.651779,3.211111,21.632608,20.932608,41.142384,1.57
120,38.454519,3.402778,21.808324,21.108324,40.834667,1.57
121,38.21204,3.6,21.989701,21.289701,40.509536,1.57
122,37.923476,3.802778,22.176722,21.476722,40.165248,1.57
123,37.587764,4.011111,22.369372,21.669372,39.800059,1.57
124,37.203629,4.225,22.567635,21.867635,39.412224,1.57
125,36.769553,4.444444,22.771495,22.071495,39,1.57
126,36.283743,4.669444,22.980937,22.280937,38.55837,1.57
127,35.74409,4.9,23.195945,22.495945,38.08363,1.57
128,35.148115,5.136111,23.416503,22.716503,37.576,1.57
129,34.492898,5.377778,23.642596,22.942596,37.035704,1.57
130,33.774991,5.625,23.874208,23.174208,36.462963,1.57
131,32.990302,5.877778,24.111323,23.411323,35.858,1.57
132,32.133938,6.136111,24.353926,23.653926,35.221037,1.57
133,31.2,6.4,24.602,23.902,34.552296,1.57
134,30.181286,6.669444,24.855531,24.155531,33.852,1.57
135,29.068884,6.944444,25.114503,24.414503,33.12037,1.57
136,27.851571,7.225,25.378899,24.678899,32.35763,1.57
137,26.514901,7.511111,25.648705,24.948705,31.564,1.57
138,25.039768,7.802778,25.923904,25.223904,30.739704,1.57
139,23.4,8.1,26.204481,25.504481,30.504481,1.57
140,21.558061,8.402778,26.49042,25.79042,30.79042,1.57
141,19.456618,8.711111,26.781706,26.081706,31.081706,1.57
142,16.999706,9.025,27.078322,26.378322,31.378322,1.57
143,14.001428,9.344444,27.380254,26.680254,31.680254,1.57
144,9.985489,9.669444,27.687485,26.987485,31.987485,1.57
145,0.8,10.0,28.0,27.3,32.3,1.57
